,pergunta,resposta
0,Quem é o fundador?,"Davi Leonardo é o fundador da Zyntra."
1,Quem é o programador?,"Davi Leonardo é o programador e desenvolvedor total da Chamas."
2,Como entro em contato com a Zyntra?,"Você pode entrar em contato pelo site oficial: zyntra-zy.netlify.app."
3,O que é a Zyntra?,"Zyntra é uma empresa de tecnologia focada em sistemas, IA, automação e soluções digitais avançadas."
4,Onde a Zyntra está localizada?,"A Zyntra atua digitalmente, com operações remotas e servidores distribuídos."
5,Qual é o papel da Chamas?,"Chamas é a inteligência artificial privada da Zyntra, usada para suporte interno, respostas técnicas e automação."
6,Quem administra os projetos?,"Todos os projetos são administrados e supervisionados pelo fundador, Davi Leonardo."
7,Quem criou a Chamas?,"Chamas foi criada por Davi Leonardo e pertence à empresa Zyntra."
8,A Zyntra tem redes sociais?,"Sim. Procure por 'zyntra.tech' para acompanhar as postagens e atualizações."

9,Quais produtos a Zyntra desenvolve?,"A Zyntra desenvolve sistemas, inteligências artificiais, APIs, painéis web, ferramentas de segurança e automação empresarial."
10,O que é o Ghost-Cell?,"Ghost-Cell é um sistema de comunicação seguro criado pela Zyntra, voltado para mensagens criptografadas e grupos privados."
11,O que é o TechMind?,"TechMind é uma IA avançada desenvolvida pela Zyntra para auxiliar em estudos, produtividade e automação."
12,O que é a API Center?,"API Center é uma API desenvolvida para academias, pilates e estúdios, incluindo gestão financeira, notificações automáticas e integração total."
13,A Zyntra produz aplicativos?,"Sim. A empresa desenvolve sistemas, web apps, aplicativos Android (APK), desktop e painéis administrativos."
14,Quais tecnologias a Zyntra usa?,"Python, Flask, SQLite, JavaScript, Nmap, criptografia própria, análise de rede, sistemas web e inteligência artificial."
15,A Zyntra trabalha com segurança digital?,"Sim. A empresa desenvolve tecnologias de criptografia, sistemas anti-DDoS e análises de segurança."

16,O que é a Chamas?,"Chamas é a IA privada da Zyntra, projetada para atender desenvolvedores, ler a base de conhecimento privada e dar respostas técnicas."
17,A Chamas consulta internet?,"Não. Ela usa bancos de dados privados e modelos locais como LLaMA ou GPT open-source."
18,A Chamas pode aprender?,"Sim. Ela usa RAG, bancos SQLite e JSON para aprendizado contínuo criado por Davi Leonardo."
19,A Chamas é segura?,"Sim. Todo o processamento é interno e privado, sem envio de dados para serviços externos."
20,Quais modelos a Chamas usa?,"A Chamas utiliza modelos LLaMA e modelos otimizados locais conforme configuração do desenvolvedor."

21,Quais projetos a Zyntra possui?,"Atualmente: Ghost-Cell, TechMind, API Center, IA Aprendiz, Sistemas de segurança digital, Painéis administrativos e Chamas."
22,A Zyntra trabalha com criptografia?,"Sim. A empresa desenvolve protocolos personalizados baseados em HTTPS com camadas adicionais."
23,A Zyntra cria sistemas de provedores?,"Sim. Há projetos envolvendo operadoras privadas e integração em rede."
24,A Zyntra desenvolve sistemas anti-DDoS?,"Sim. Incluindo detectores automáticos, mitigação e barreiras privadas para dispositivos e servidores."
25,A Zyntra desenvolve navegadores?,"Sim. O projeto NeoNet está em desenvolvimento, com foco em privacidade, rede Onion, troca de IP e anti-rastreamento."
26,A Zyntra faz análise de golpes?,"Sim. A empresa investiga fraudes online, mapeando IPs, hospedagem e comportamentos maliciosos."

27,Qual linguagem a empresa mais usa?,"Python é a principal linguagem usada na Zyntra."
28,Onde ficam os servidores?,"Os servidores são distribuídos, incluindo infraestrutura própria e serviços cloud."
29,Como funciona o sistema de pagamento da API Center?,"Ele usa Flask + SQLite, com disparos automáticos de WhatsApp e e-mail, e verificação diária de planos."
30,A Zyntra usa banco de dados SQL?,"Sim. A empresa utiliza SQLite para rapidez e simplicidade, além de bancos JSON."
31,Como a Zyntra trata segurança?,"Com protocolos próprios, criptografia, detecção de ataques e servidores isolados."
32,A IA aprende com embeddings?,"Sim. A IA Aprendiz e a Chamas usam sentence-transformers para embeddings."

33,Como pedir suporte?,"Entre pelo site oficial ou diretamente com um desenvolvedor da Zyntra."
34,Quanto tempo leva para resposta?,"Normalmente a resposta é rápida, dependendo da fila interna."
35,Onde ver atualizações da empresa?,"No Instagram 'zyntra.tech' ou no site oficial."
36,A Zyntra ajuda com integração?,"Sim. A empresa fornece suporte técnico para APIs, sistemas e IAs criadas."

37,Quantos projetos a Zyntra administra?,"Atualmente, mais de 12 projetos simultâneos incluindo IA, APIs, sistemas web e análise de segurança."
38,A empresa possui filiais?,"Não. A Zyntra opera em modelo digital."
39,Qual é o foco principal?,"Tecnologia avançada, automação, IA e segurança."
40,A Zyntra trabalha com terceiros?,"Sim, mas sempre com validação de segurança e API própria."

41,Não encontrei essa informação na base,"Essa informação ainda não está cadastrada. Consulte o desenvolvedor da Zyntra para adicionar ao banco privado."
42,Onde encontro mais detalhes?,"Consulte o setor responsável ou peça para o administrador atualizar a base interna."
43,Como funciona isso internamente?,"Esse processo faz parte do sistema interno da Zyntra e pode variar conforme atualização dos projetos."
44,Por que isso não está funcionando?,"Pode ser um erro de configuração. Recomenda-se revisar logs, conexões e dados cadastrados."
45,Como atualizo a base?,"A base privada pode ser atualizada diretamente no CSV ou no banco SQLite definido pelo desenvolvedor."